Location,House Type,Year Built,Square Feet,Bedrooms,Bathrooms,Floors,Garage,Lot Size (sqft),Price (USD)
New York,Detached,2001,3962,5,3.1,2,1,11841.07,1410127.96
Miami,Semi-Detached,1964,3579,2,3.0,1,1,5244.87,638916.51
San Francisco,Apartment,2021,1332,5,1.6,2,0,1475.4,444341.52
Houston,Apartment,2010,4908,2,3.6,1,1,6771.82,1556962.71
Chicago,Apartment,1970,3306,5,2.2,1,1,3563.59,1092144.33
New York,Semi-Detached,1973,2990,1,1.9,2,0,5333.03,552825.72
Chicago,Apartment,1952,827,1,1.5,3,0,2154.17,218578.07
San Francisco,Semi-Detached,1971,3810,1,1.8,1,0,6410.28,1226124.8
San Francisco,Detached,2002,3800,1,1.1,3,0,7175.79,817736.2
Chicago,Detached,1951,4175,1,2.7,2,1,9816.15,1050720.14
Houston,Detached,1979,3554,1,3.5,3,1,7171.22,766501.9
San Francisco,Townhouse,1987,2643,2,2.6,3,0,7196.6,679683.28
Chicago,Semi-Detached,1951,1811,4,1.7,3,0,4947.78,645124.9
New York,Apartment,2013,3691,5,1.1,3,0,3764.16,947322.71
Chicago,Apartment,2009,3038,1,1.6,3,1,7765.41,819672.14
Chicago,Apartment,1970,4483,2,2.2,1,0,8613.94,1070055.14
Miami,Apartment,1982,664,2,3.3,1,1,1977.18,208803.56
San Francisco,Townhouse,2007,4777,2,1.6,1,0,9393.8,762247.43
Houston,Apartment,1971,1322,4,3.2,2,0,3931.35,335722.31
Houston,Townhouse,1998,1443,5,3.6,3,0,3620.69,417647.48
Miami,Semi-Detached,2008,4925,4,2.4,1,1,7373.76,1424840.02
Houston,Detached,1991,1274,3,3.5,2,1,2645.83,365273.23
Chicago,Apartment,2009,2698,2,2.7,1,1,8051.56,630886.08
Miami,Detached,1964,3656,3,2.9,1,0,9926.26,882477.8
New York,Semi-Detached,2011,4742,1,2.6,3,1,5665.43,974290.99
San Francisco,Semi-Detached,2011,4195,1,2.4,2,1,10121.46,1436700.7
San Francisco,Apartment,1996,3952,4,1.7,3,0,6683.46,1057085.85
San Francisco,Semi-Detached,2011,1414,5,1.9,3,0,1433.75,279192.19
Chicago,Detached,2000,1808,3,1.9,1,1,3266.99,326531.77
New York,Apartment,2004,4677,5,2.7,3,1,6872.89,1685558.31
Miami,Townhouse,2013,1013,4,1.4,2,1,2672.03,251615.95
Miami,Apartment,1952,2420,1,3.8,3,1,4052.68,794514.41
San Francisco,Detached,2000,4094,5,3.2,3,0,10869.76,734215.82
New York,Apartment,1956,1909,5,2.2,3,0,1911.28,703449.93
New York,Apartment,1970,3690,1,1.5,1,0,5961.71,1219319.75
New York,Detached,1988,4991,3,3.6,2,1,7398.31,1378915.19
Houston,Apartment,1967,2055,1,3.5,1,1,3014.96,351448.45
Houston,Apartment,1953,1304,5,3.2,1,0,1481.83,335237.08
San Francisco,Detached,2009,1779,3,1.8,1,0,2444.79,454197.5
New York,Semi-Detached,1963,4077,3,2.2,1,1,8606.95,1037086.28
New York,Detached,1958,3401,1,1.3,1,1,5382.84,736731.09
Miami,Apartment,2002,1887,5,1.6,2,0,3462.25,356684.53
Miami,Townhouse,1951,3261,4,3.3,3,0,5718.93,937131.09
San Francisco,Townhouse,2009,3179,5,3.1,1,0,8748.0,881807.54
New York,Detached,2020,2606,2,2.8,1,1,7324.42,582999.93
San Francisco,Townhouse,1993,4723,4,3.7,2,1,9379.47,815222.1
Miami,Apartment,1957,3268,3,2.7,2,1,5425.9,1194166.76
Miami,Apartment,1996,4453,4,2.4,3,1,5404.17,1159006.9
Houston,Detached,1984,3686,3,2.0,2,1,10714.49,1159226.33
San Francisco,Apartment,1985,3780,3,3.8,3,1,4235.32,970549.41
San Francisco,Semi-Detached,1999,3073,4,1.2,1,0,4902.36,535882.46
New York,Apartment,1953,3099,3,3.8,1,0,4946.41,713340.54
New York,Detached,1951,4533,3,3.5,3,1,7437.76,1029661.85
Houston,Semi-Detached,1955,736,2,1.4,2,0,977.83,263605.55
Chicago,Semi-Detached,2003,1804,5,2.7,3,1,4629.65,580546.18
Chicago,Townhouse,1953,3930,5,3.6,2,0,4892.83,881187.9
Chicago,Apartment,2003,1801,2,2.7,1,1,4087.93,662629.93
San Francisco,Detached,2012,3041,4,3.7,2,0,3794.23,717611.74
San Francisco,Townhouse,1967,2551,1,3.8,3,0,2910.87,928549.0
Miami,Townhouse,1993,941,1,2.3,3,1,2652.55,359728.01
San Francisco,Apartment,1983,2576,1,2.1,1,1,3555.54,514611.66
San Francisco,Apartment,2011,3680,2,3.8,2,0,9724.4,828777.46
San Francisco,Detached,1963,3157,2,3.0,2,0,6595.8,821438.31
Houston,Townhouse,1997,4298,3,1.3,2,1,4967.25,1259660.94
San Francisco,Detached,1964,1304,1,1.1,1,0,3795.81,351014.77
New York,Townhouse,2021,574,4,2.7,2,1,857.51,261291.88
New York,Townhouse,2011,2675,4,3.8,3,1,7274.1,860184.2
Miami,Townhouse,1989,4424,1,3.5,2,0,5917.63,885717.28
Houston,Apartment,2002,2589,1,3.0,1,1,7010.72,478769.51
New York,Townhouse,1973,540,1,1.4,2,0,554.29,175147.34
Houston,Townhouse,1975,2581,2,1.8,2,0,5222.81,501543.15
Houston,Townhouse,2009,2122,2,3.6,3,1,5387.51,702790.05
Miami,Semi-Detached,1990,841,2,1.5,2,0,2413.33,208966.37
Houston,Apartment,1978,4552,5,1.8,3,1,12829.38,1048003.63
San Francisco,Semi-Detached,1964,2574,4,1.4,3,1,6793.43,446459.01
Houston,Apartment,1994,1145,4,3.0,1,1,3178.96,398281.58
Miami,Detached,2014,4763,3,3.8,3,0,6660.77,878950.77
Miami,Semi-Detached,2020,1109,2,1.8,3,1,1739.32,375374.91
Miami,Detached,1958,954,5,2.4,1,0,1505.35,303748.38
New York,Townhouse,1950,3453,5,2.9,3,1,6056.93,1134873.64
San Francisco,Detached,1957,2208,4,4.0,1,1,3944.9,662061.96
New York,Detached,2012,3972,2,1.3,2,1,8297.95,695384.99
Chicago,Detached,1960,3469,3,2.5,1,0,4578.25,1099059.59
San Francisco,Detached,1957,3528,2,2.2,3,0,8405.44,613850.52
Houston,Apartment,1984,3181,1,3.6,1,1,4247.06,821900.03
Miami,Semi-Detached,1984,4129,2,2.4,3,1,6691.53,803475.98
Chicago,Apartment,1982,4725,1,1.3,2,0,9481.61,1438806.74
San Francisco,Apartment,1954,3567,1,2.9,1,0,9248.81,1215679.18
New York,Apartment,1990,1886,3,3.3,2,0,4675.28,545016.39
Miami,Detached,1977,4276,4,1.0,3,1,9796.61,1144216.37
New York,Apartment,1956,3366,2,3.6,3,0,4414.67,1064400.02
San Francisco,Semi-Detached,2021,3863,1,1.6,2,1,8089.47,609573.89
San Francisco,Apartment,1961,4624,2,2.7,1,0,5432.71,1581243.19
Chicago,Townhouse,1983,648,4,2.2,1,1,1137.06,183189.37
Houston,Detached,1982,4350,4,3.2,3,1,7947.59,1576083.43
New York,Townhouse,1997,2558,5,2.1,2,1,2761.68,830067.52
Chicago,Semi-Detached,1972,1636,4,3.6,2,0,2532.49,563934.98
Miami,Semi-Detached,2011,686,3,3.2,1,0,1997.15,245331.05
Houston,Semi-Detached,1986,3354,1,2.9,1,0,9750.97,849791.66
Chicago,Semi-Detached,1993,1750,5,3.4,1,1,2983.14,541369.69
New York,Apartment,1984,1833,3,3.3,2,1,1991.0,350061.3
San Francisco,Detached,2014,4693,2,1.1,1,0,6373.99,1317298.4
Miami,Semi-Detached,1996,4650,1,2.2,1,1,8297.63,1310171.23
New York,Townhouse,1952,3211,4,3.8,3,1,9297.64,1125579.15
Houston,Semi-Detached,1950,2285,1,1.4,1,1,2930.28,598634.96
Houston,Detached,1954,1250,2,3.2,1,0,3158.79,249186.09
San Francisco,Townhouse,1963,2262,5,3.9,2,1,2753.68,560123.03
San Francisco,Townhouse,1976,4420,5,1.2,2,0,13094.32,1300976.4
Miami,Townhouse,1958,4960,5,3.0,3,0,8745.64,1052344.79
Miami,Apartment,1964,981,4,2.4,1,0,2502.01,258989.56
San Francisco,Semi-Detached,1991,653,3,2.7,3,0,1100.42,254003.25
San Francisco,Apartment,2000,2024,3,1.3,2,0,4564.8,579232.63
Houston,Townhouse,2012,2620,1,1.1,3,1,3626.16,682168.37
San Francisco,Apartment,2001,2843,4,3.0,2,0,3673.28,668521.79
Chicago,Apartment,1953,1740,5,3.5,3,0,5004.46,589862.96
New York,Apartment,1972,560,5,3.3,3,0,1587.76,189324.46
San Francisco,Semi-Detached,1964,1438,2,2.6,1,1,3990.36,470879.47
Miami,Townhouse,1992,2139,2,1.3,3,1,4814.6,384939.41
Chicago,Townhouse,1978,4620,5,3.1,1,1,12088.4,1568536.2
Miami,Semi-Detached,1985,4726,5,1.7,1,1,5378.54,1247990.22
Chicago,Apartment,1962,4069,4,3.7,1,0,6793.51,1033107.82
San Francisco,Apartment,1981,1752,3,3.5,1,0,2851.22,531402.6
New York,Detached,2020,4703,2,3.1,3,1,10681.88,1339265.06
Miami,Detached,2008,671,3,3.8,2,1,1148.7,179969.12
Chicago,Detached,1977,1958,4,1.1,2,1,2539.55,642541.07
Houston,Semi-Detached,2015,4049,5,3.2,2,1,8879.19,908196.74
San Francisco,Townhouse,1991,4697,3,2.0,3,0,12347.32,1598671.19
New York,Detached,1994,2822,5,3.7,1,1,4978.71,965794.91
San Francisco,Townhouse,2011,2136,5,1.8,2,1,2701.05,535924.85
Houston,Townhouse,2006,3615,1,3.2,3,1,5037.06,1163645.51
New York,Townhouse,1955,4590,3,3.6,1,1,6770.1,1075866.48
Houston,Semi-Detached,1977,3504,3,1.1,2,1,5605.68,639044.14
San Francisco,Semi-Detached,1977,829,5,2.2,1,1,1894.75,354231.07
Chicago,Semi-Detached,1993,4140,4,3.3,2,1,9115.83,1229454.47
San Francisco,Semi-Detached,1979,4394,1,2.4,2,0,10511.15,1086720.26
San Francisco,Detached,2011,4607,5,1.8,2,0,7947.09,1120158.37
San Francisco,Apartment,2011,1841,2,1.7,1,0,4874.96,427606.5
Miami,Apartment,1950,4163,2,1.4,3,0,5862.23,1471403.27
Houston,Apartment,1976,715,1,3.6,1,0,1385.73,161718.86
Houston,Detached,2011,838,4,2.7,2,0,2180.37,237361.33
Houston,Apartment,1952,4562,5,1.2,1,1,6205.77,1190668.05
Miami,Detached,2019,3208,3,2.1,3,1,3912.88,837584.51
Chicago,Detached,2021,3652,1,2.1,1,0,10106.43,916786.08
San Francisco,Detached,1976,2250,4,1.5,3,1,3793.18,472102.72
Chicago,Apartment,1958,2921,3,2.3,3,0,6916.17,568919.58
Miami,Townhouse,2011,1209,2,2.0,1,1,1270.29,281952.8
Houston,Apartment,1986,4226,2,2.0,2,1,10058.28,1445857.51
San Francisco,Apartment,2000,4142,3,3.2,3,1,6760.58,772353.08
New York,Semi-Detached,1993,4493,1,1.7,1,1,4993.89,1381472.2
New York,Detached,1973,988,2,2.9,3,1,2192.99,343191.56
Chicago,Townhouse,2008,546,5,2.7,2,1,808.96,244226.93
Houston,Semi-Detached,1981,3859,3,2.7,1,0,6844.38,1312039.83
New York,Townhouse,2001,900,3,3.0,1,0,1045.05,233346.51
Chicago,Townhouse,2011,4490,2,2.6,1,1,5811.53,918354.4
Miami,Detached,2007,3657,1,3.6,2,0,5836.41,924220.84
Chicago,Apartment,2001,4845,5,3.0,3,1,5714.77,1059621.4
Chicago,Detached,1961,890,1,2.6,1,0,2511.27,292407.18
Chicago,Detached,1988,4353,4,3.5,3,1,4405.65,1276099.0
San Francisco,Semi-Detached,1951,4930,4,2.8,3,0,9700.86,1661837.86
Chicago,Detached,1952,1128,2,1.9,2,1,1406.05,226165.76
Chicago,Apartment,2005,4732,2,1.6,1,0,7643.87,1607034.87
San Francisco,Townhouse,2008,3430,2,1.5,3,1,9782.77,751237.16
San Francisco,Detached,1951,2021,4,3.7,1,0,2674.57,567388.65
Miami,Townhouse,1951,1326,1,3.1,1,1,3887.39,351919.75
Houston,Detached,2003,2000,1,3.8,2,1,2823.18,645724.66
New York,Townhouse,1950,3794,2,2.8,1,1,9421.0,932648.92
New York,Detached,1968,2919,5,2.4,1,0,6110.5,1055496.33
Chicago,Semi-Detached,1951,1434,1,1.2,3,0,3970.68,492346.72
Miami,Townhouse,2002,3542,4,3.0,2,0,7466.49,1210138.96
Chicago,Detached,1993,4997,3,2.7,1,1,10339.38,874665.58
New York,Detached,1981,1966,3,4.0,3,0,2734.54,688794.27
San Francisco,Semi-Detached,2019,4061,3,1.7,2,1,5411.11,1290894.31
Houston,Semi-Detached,1981,1114,5,2.6,2,0,3155.94,258362.68
Miami,Semi-Detached,2017,1682,2,3.0,3,0,2784.85,329434.18
San Francisco,Townhouse,2004,3723,4,2.9,3,0,6493.52,694076.57
Houston,Townhouse,2005,3167,5,2.7,3,0,7979.72,551128.06
Miami,Semi-Detached,1966,630,4,3.3,3,1,1056.92,231727.92
Miami,Apartment,1987,3483,4,1.6,3,0,10115.07,1251716.46
New York,Apartment,1973,4778,2,3.2,1,0,11829.64,1178307.1
San Francisco,Detached,2018,4959,3,2.9,1,1,10884.3,1335473.29
Miami,Apartment,2019,538,2,3.7,2,1,1485.84,235753.55
Miami,Detached,1960,4459,5,3.5,1,0,4901.39,970921.51
Houston,Townhouse,1965,4087,5,1.9,1,0,6188.23,1378063.58
New York,Townhouse,2008,1420,5,1.8,1,1,2740.7,435774.89
Chicago,Apartment,2019,3269,2,3.9,3,1,4752.99,914973.75
New York,Townhouse,1952,4611,4,2.6,2,1,11471.29,1071324.93
Chicago,Semi-Detached,1969,992,4,3.7,2,0,2815.71,326118.34
San Francisco,Semi-Detached,2008,1631,1,1.5,2,0,3013.34,289009.09
San Francisco,Apartment,1985,4021,5,2.9,2,0,6772.43,1288376.36
Miami,Apartment,1968,810,4,3.4,1,1,2367.71,236419.42
San Francisco,Detached,2016,1238,1,3.8,1,1,2339.45,447071.82
Miami,Townhouse,1968,3741,4,2.0,3,1,7400.06,895375.89
New York,Detached,1969,1045,5,3.2,2,0,1779.95,259000.24
San Francisco,Detached,2020,2961,3,2.6,1,1,8347.35,909451.07
New York,Semi-Detached,2001,4846,5,1.2,1,0,10360.32,944809.14
New York,Semi-Detached,1982,2304,2,3.1,3,1,5816.1,739595.98
San Francisco,Semi-Detached,1989,3712,4,3.1,3,0,9738.85,1337226.52
New York,Semi-Detached,1988,4310,4,3.8,3,0,7256.74,1385074.57
San Francisco,Detached,1950,1313,2,2.5,1,1,2451.88,245345.17
San Francisco,Semi-Detached,1960,4624,2,1.7,1,0,12470.67,1280274.38
San Francisco,Townhouse,2006,2532,3,1.1,3,1,4371.53,774655.96
Chicago,Semi-Detached,1999,4913,4,2.2,2,0,12714.21,1603445.35
New York,Semi-Detached,1972,744,4,1.9,3,1,2144.2,178233.14
Houston,Semi-Detached,1980,771,3,3.3,3,1,1731.99,247782.63
San Francisco,Apartment,1991,4011,1,2.1,3,0,9960.33,1055824.51
New York,Townhouse,1956,2271,3,3.8,3,1,5927.75,479066.51
Miami,Townhouse,1965,1762,5,3.9,1,0,4739.92,455231.31
San Francisco,Detached,2009,2924,4,2.9,2,1,5234.27,761341.67
San Francisco,Detached,1951,4861,2,3.8,3,1,5359.38,1590796.46
Houston,Semi-Detached,1950,1420,5,3.3,2,1,2561.33,555051.75
Chicago,Apartment,1997,3930,4,2.6,2,1,9225.72,1146640.34
Chicago,Detached,1961,4935,3,1.5,2,0,9379.96,1170560.9
San Francisco,Detached,2018,4984,5,2.4,3,1,12449.66,1072618.12
New York,Semi-Detached,1986,3124,4,2.7,1,1,5354.43,1146138.06
Miami,Semi-Detached,1981,4260,1,3.6,3,0,9668.02,1511733.04
Miami,Detached,1958,2550,1,2.4,2,0,3500.74,881038.24
New York,Detached,1968,4000,2,3.7,2,0,9994.96,1274435.32
San Francisco,Townhouse,1997,1665,4,3.0,1,0,3482.17,419234.59
Miami,Apartment,1952,875,1,1.4,3,0,1232.11,294025.08
Chicago,Townhouse,1969,2533,3,4.0,2,0,4011.82,645044.54
New York,Detached,1973,645,4,2.6,1,1,1610.71,202103.73
Houston,Townhouse,2003,4888,3,2.2,2,0,9605.91,1506780.37
San Francisco,Townhouse,1982,931,3,3.0,1,1,1333.25,210481.56
New York,Detached,1973,1204,1,1.3,1,0,3533.19,211393.9
Miami,Semi-Detached,2021,3132,4,2.9,3,1,7611.54,815698.2
San Francisco,Detached,1985,4994,5,2.5,2,1,14553.86,1266704.03
Chicago,Semi-Detached,1987,1463,1,2.2,3,1,2712.71,511915.48
San Francisco,Detached,1974,2734,1,3.9,2,0,5331.85,516380.51
San Francisco,Detached,1967,2541,4,2.6,3,0,7104.41,502002.89
Chicago,Detached,2015,2328,4,1.7,2,0,4772.63,469753.93
Chicago,Apartment,2003,2608,3,2.4,3,0,6297.17,453510.43
San Francisco,Semi-Detached,1984,4568,4,3.8,1,1,6871.85,822334.12
Chicago,Apartment,2010,1438,3,1.5,2,0,2722.79,445978.57
New York,Detached,1990,1306,1,1.6,2,1,1628.45,334829.83
Chicago,Townhouse,1982,1963,2,1.0,1,1,2771.68,626240.56
Chicago,Apartment,2017,3915,5,1.0,3,0,3922.39,1421454.01
San Francisco,Semi-Detached,1982,510,1,3.5,2,0,550.05,178221.54
New York,Detached,1963,2368,4,3.2,2,0,6996.42,441495.76
Houston,Apartment,1970,1384,5,2.1,3,1,2054.84,306243.0
Houston,Townhouse,1997,4064,2,3.1,1,0,9455.39,1367380.12
Miami,Apartment,1969,1889,2,2.2,3,1,5059.12,523037.97
Chicago,Semi-Detached,1957,3901,3,3.9,3,0,8197.25,1285987.95
Chicago,Apartment,1956,4821,5,3.9,3,1,6297.62,1631395.61
New York,Townhouse,2016,1324,3,2.2,2,0,3252.05,489648.22
Houston,Townhouse,1966,2765,1,3.6,1,0,6084.39,975205.55
Miami,Semi-Detached,1982,1436,5,3.3,1,1,3536.15,452845.97
New York,Townhouse,1997,3300,1,1.9,3,0,8380.33,743373.31
Chicago,Detached,2008,3053,3,1.7,2,0,9008.86,1087164.69
Houston,Townhouse,1971,4345,5,2.4,3,0,9329.26,1194246.17
Miami,Detached,1979,2296,3,3.3,2,0,3864.82,427004.85
San Francisco,Apartment,1987,553,5,3.9,2,0,1270.2,231341.09
Houston,Detached,2000,1226,3,3.3,2,0,1393.82,381100.3
Miami,Detached,2003,3236,2,3.6,2,0,9043.96,1110357.15
New York,Apartment,1957,3670,3,2.8,1,1,4546.26,1084539.4
San Francisco,Townhouse,1976,2413,2,3.5,2,1,3995.17,579902.7
Miami,Detached,1976,2096,3,3.4,2,0,5515.6,773241.82
Miami,Townhouse,1970,2414,5,2.1,3,0,5297.82,813821.89
Chicago,Apartment,1979,2966,5,2.7,3,0,5301.05,887763.73
Houston,Semi-Detached,1977,3237,5,3.4,1,1,6302.02,753989.78
Chicago,Townhouse,2013,1349,4,1.1,3,1,3654.57,355831.17
San Francisco,Townhouse,2018,2609,1,3.4,2,0,4383.14,774740.31
Miami,Semi-Detached,2010,502,5,1.5,3,1,1375.13,148026.87
Chicago,Semi-Detached,1997,4755,2,2.5,1,0,5593.16,994853.24
Houston,Apartment,1968,4569,5,3.4,3,0,11667.38,1411512.67
San Francisco,Townhouse,1953,1392,4,1.8,3,0,3751.57,395037.15
New York,Townhouse,1984,2530,2,1.7,1,0,3450.0,615011.14
Chicago,Apartment,2013,3660,4,2.2,1,1,6810.14,720266.98
San Francisco,Townhouse,1998,2876,2,3.7,2,1,3827.95,736451.56
New York,Detached,1966,2433,3,1.0,3,0,5871.34,776968.71
Chicago,Detached,1993,1880,1,3.7,2,1,3892.91,422168.83
San Francisco,Detached,1979,4181,1,1.5,3,1,9493.57,657164.26
San Francisco,Townhouse,1995,1790,4,4.0,3,0,2493.42,575824.75
Chicago,Detached,1955,2140,1,3.9,2,1,3046.27,779584.19
San Francisco,Detached,1986,3182,4,2.5,3,0,3446.09,920984.43
Miami,Apartment,1973,1487,4,2.5,3,0,2444.83,316214.76
Chicago,Apartment,1995,1718,4,2.4,3,0,3641.28,424703.89
San Francisco,Semi-Detached,2002,1855,1,2.9,1,0,5037.94,630445.04
New York,Semi-Detached,2009,4765,4,1.3,2,1,11120.82,990487.37
New York,Semi-Detached,2012,4635,1,1.1,1,0,8671.12,1276284.1
Miami,Semi-Detached,1981,2060,4,1.2,2,1,5986.85,528300.54
Chicago,Apartment,1982,1918,5,2.3,2,0,4677.02,433528.85
San Francisco,Apartment,2016,1454,4,1.8,3,0,4158.92,507238.72
San Francisco,Apartment,1967,1483,2,2.9,2,1,3047.83,488073.76
New York,Detached,1974,1474,4,4.0,1,0,2237.25,484137.05
Miami,Detached,2003,4633,3,2.2,1,1,5122.49,964339.48
New York,Semi-Detached,2007,4472,4,2.7,1,1,10966.1,822223.3
New York,Detached,2016,1413,2,2.2,2,0,1755.8,410172.63
Miami,Townhouse,1995,536,2,3.5,1,0,860.57,184254.26
Chicago,Apartment,1973,3887,1,3.7,2,0,8026.43,765400.51
San Francisco,Semi-Detached,1981,2211,5,3.6,1,0,4706.85,431722.29
Chicago,Semi-Detached,1996,3520,4,3.9,1,0,7748.11,652118.75
Houston,Townhouse,1972,1295,1,1.1,2,0,1725.6,469077.69
Houston,Detached,2015,4536,5,3.5,1,1,7980.98,1470767.31
Houston,Semi-Detached,1976,3611,4,3.3,3,1,8068.38,1275609.36
Miami,Detached,1951,1824,3,1.7,2,0,5361.9,386655.96
New York,Detached,1966,817,4,3.9,2,1,2005.95,351806.9
Chicago,Townhouse,1982,2896,2,1.4,2,1,8239.72,551825.4
San Francisco,Semi-Detached,1958,2662,2,3.0,3,0,6720.02,711335.17
Houston,Detached,1992,3245,3,1.7,2,0,7085.24,1067122.5
Chicago,Detached,1997,2091,1,2.3,1,1,2894.04,491037.76
Houston,Townhouse,1988,3611,5,3.2,1,0,8425.8,920861.17
Houston,Townhouse,1991,4430,4,2.7,1,1,9953.14,841972.01
San Francisco,Detached,1975,2496,2,2.3,2,0,5503.53,471862.6
Miami,Townhouse,1999,1812,1,2.0,1,1,3586.98,525331.52
New York,Detached,1974,1785,3,3.5,2,1,3672.3,568415.06
Miami,Semi-Detached,1973,4811,2,1.4,1,1,8029.01,1504399.35
Chicago,Apartment,1962,2883,3,2.3,3,1,5877.36,804532.87
Miami,Townhouse,2009,3739,4,3.7,3,0,5216.32,1109648.8
Chicago,Apartment,1956,2639,5,3.5,3,0,6888.71,477484.42
Chicago,Detached,2006,2204,2,2.2,3,1,3022.9,442484.86
New York,Detached,1985,862,2,3.3,2,1,1008.48,347199.31
San Francisco,Detached,1994,3104,4,3.5,1,0,5812.22,577276.77
New York,Apartment,1969,2216,1,3.7,3,0,5133.62,669138.94
Miami,Detached,2014,4951,5,2.6,2,1,9285.27,990207.02
Chicago,Townhouse,1957,4786,2,1.6,3,1,7435.09,1440143.03
Houston,Semi-Detached,1965,4238,5,1.8,3,1,8969.06,1301697.47
Houston,Semi-Detached,1963,2969,2,1.9,2,1,5029.5,622717.4
Chicago,Townhouse,1964,1056,5,2.8,2,1,3026.22,289946.79
New York,Semi-Detached,2015,1325,3,1.1,1,0,3770.01,409964.24
San Francisco,Apartment,1981,3308,2,2.9,1,1,6631.69,799580.92
New York,Detached,2012,3219,5,2.1,3,0,5329.92,672799.98
Chicago,Detached,2000,4008,1,1.9,3,0,9916.85,1211014.37
Chicago,Detached,1974,4241,3,3.6,1,0,4552.4,822097.93
San Francisco,Apartment,2007,2074,3,2.4,1,1,4043.34,717820.99
Miami,Apartment,2012,4498,1,1.3,2,0,7523.57,1156796.7
Miami,Apartment,2011,2629,5,3.5,1,0,7469.18,524427.38
San Francisco,Townhouse,1971,2903,4,1.1,1,0,2972.69,886128.4
Miami,Apartment,2007,3829,1,3.2,3,0,8062.46,1004325.06
Houston,Semi-Detached,2007,1088,5,3.3,1,1,2699.68,306157.33
Miami,Townhouse,1998,2512,1,2.1,3,1,4948.73,618783.78
Miami,Townhouse,2001,2047,1,3.5,1,0,2396.64,463689.47
Miami,Townhouse,1991,794,2,2.5,2,0,2338.27,198368.5
Houston,Apartment,2019,2485,5,2.4,1,1,5059.51,525863.39
Miami,Townhouse,1964,3617,4,1.1,1,1,8060.02,857675.74
Houston,Apartment,2003,2190,2,1.9,1,1,3226.35,476732.4
San Francisco,Apartment,2009,1636,1,3.8,3,0,3218.01,505619.76
New York,Townhouse,1957,2564,1,2.2,2,1,4764.68,765691.99
San Francisco,Detached,2002,4955,1,2.6,1,0,5697.22,1268773.68
New York,Detached,2009,1507,5,2.6,3,0,1826.97,528722.48
San Francisco,Townhouse,1954,3014,5,2.8,2,1,8062.28,1033859.58
New York,Detached,2017,4026,2,1.2,3,0,5957.03,1099127.95
New York,Semi-Detached,1955,1747,4,2.1,3,1,2428.18,538005.95
Chicago,Semi-Detached,1996,4402,2,3.2,2,0,8847.24,951752.75
New York,Apartment,2004,1935,3,1.6,1,1,4910.05,682764.38
New York,Detached,1989,1071,1,1.6,3,0,1203.69,187034.93
Chicago,Semi-Detached,2001,2882,1,1.0,3,0,6206.72,650234.46
Miami,Townhouse,1965,1745,1,2.3,1,1,2161.04,544758.35
Miami,Detached,1962,2584,2,3.6,1,1,2772.43,479190.26
Chicago,Semi-Detached,1979,777,2,1.2,2,1,858.96,178414.54
Houston,Semi-Detached,1968,2387,1,1.6,2,1,6369.3,665575.01
New York,Townhouse,1966,1765,2,1.9,2,0,2181.44,495727.77
New York,Apartment,2012,1540,5,3.2,1,1,1679.07,535989.92
Chicago,Townhouse,1968,1417,5,2.9,3,1,2658.01,518144.42
Chicago,Apartment,2007,1385,2,2.2,3,0,3722.86,278766.54
Houston,Semi-Detached,2004,3252,1,3.3,2,1,4958.7,537855.0
Miami,Apartment,2011,521,2,2.8,1,1,960.42,194610.33
San Francisco,Semi-Detached,1972,3691,2,3.7,3,0,3985.71,822037.42
Miami,Semi-Detached,1958,2853,2,3.5,2,1,5415.44,834636.42
New York,Detached,1961,1186,3,1.8,3,1,2556.1,261209.18
Chicago,Apartment,1950,784,5,1.8,3,1,1679.18,258745.48
Houston,Apartment,2007,4247,4,1.4,1,1,7070.63,1120308.38
Miami,Apartment,1950,1262,4,2.0,1,1,2058.41,395973.64
Houston,Townhouse,1983,2928,3,4.0,3,1,3552.39,802712.36
Miami,Detached,1997,3007,2,2.2,2,0,5212.93,784558.43
New York,Detached,1950,528,3,1.7,1,1,633.07,161236.73
San Francisco,Detached,1965,1406,3,3.3,3,0,3561.67,284015.88
Houston,Townhouse,2010,3604,1,2.6,1,0,10568.91,633326.16
Houston,Apartment,2013,4499,5,1.4,1,0,13227.73,1124963.69
San Francisco,Apartment,2012,3494,4,2.1,1,0,9539.12,827428.24
Houston,Apartment,2018,3006,2,2.2,3,1,6617.96,801600.24
Houston,Detached,1971,4109,4,3.3,2,1,9868.71,934966.01
Miami,Detached,2016,4053,4,1.1,2,1,6364.88,1218269.92
Miami,Semi-Detached,1975,1953,5,1.8,2,0,4416.79,693010.75
San Francisco,Townhouse,1965,3856,4,2.6,1,1,7369.97,872083.29
New York,Townhouse,2000,1015,4,1.8,3,1,1993.5,249025.75
Houston,Detached,2006,538,3,2.9,1,1,1353.37,148501.03
New York,Semi-Detached,1978,3842,5,2.4,2,0,6008.26,1116629.6
San Francisco,Apartment,2018,1386,1,2.1,2,0,2267.61,355636.88
San Francisco,Detached,1996,3344,2,3.8,3,1,9528.0,678944.91
Miami,Townhouse,2011,2704,4,2.9,1,0,3008.06,819116.35
Houston,Townhouse,2018,1598,2,1.4,2,0,3150.09,316955.23
Chicago,Townhouse,1965,2323,1,2.7,3,1,6563.87,639878.11
San Francisco,Apartment,1997,3701,2,3.3,1,0,8218.91,988445.23
Houston,Townhouse,1988,3655,1,3.1,1,0,7649.24,1116670.52
New York,Apartment,1982,3593,3,1.5,2,1,5387.66,624051.79
Miami,Apartment,1972,4030,4,3.9,2,0,6796.8,1387425.58
New York,Apartment,1959,4278,1,2.3,1,0,11568.13,1269279.72
San Francisco,Detached,2018,3396,2,1.5,1,0,7194.21,686692.78
San Francisco,Apartment,1983,3953,4,1.5,2,0,8022.55,788450.27
New York,Semi-Detached,2001,4011,3,1.3,1,0,4809.83,987027.82
San Francisco,Townhouse,1959,1488,4,3.4,2,0,1535.7,530307.44
Houston,Detached,1968,4616,1,1.4,1,0,13512.74,1490411.43
San Francisco,Townhouse,2007,4526,3,1.4,2,0,7938.48,1189816.85
Miami,Apartment,1950,4679,2,3.6,3,1,10323.87,1557596.81
Houston,Detached,2018,2182,3,2.0,2,1,2529.88,378675.63
Chicago,Semi-Detached,1953,4463,3,1.1,2,1,10560.48,743546.88
San Francisco,Apartment,1965,1433,5,1.2,3,1,4105.74,539678.07
San Francisco,Townhouse,1973,4098,3,1.4,1,0,8816.15,1289962.05
Miami,Semi-Detached,1951,3733,3,1.6,3,1,4674.58,942647.14
Miami,Apartment,1981,2480,4,3.0,2,1,5365.34,811790.63
New York,Semi-Detached,1973,2355,2,1.5,1,0,5964.5,833856.19
New York,Apartment,1961,3556,4,1.4,3,0,6446.43,1132310.07
New York,Detached,1999,1292,4,3.3,1,0,3565.5,474568.75
Miami,Apartment,1984,1291,1,3.0,1,0,2965.9,421038.62
New York,Detached,1982,2309,4,2.3,3,0,6461.73,480129.88
New York,Apartment,1982,2755,5,2.6,1,1,6190.51,945749.33
Chicago,Apartment,2010,4110,5,1.9,3,0,5189.19,840179.45
New York,Townhouse,2000,2107,1,2.4,2,1,3412.04,723996.41
San Francisco,Semi-Detached,1992,1484,2,2.5,1,1,2082.93,401227.29
Miami,Semi-Detached,1961,4176,2,2.2,2,0,11766.52,1227210.98
Houston,Semi-Detached,2016,3880,4,3.7,2,1,9780.7,1038758.9
Chicago,Apartment,2014,1019,4,1.0,1,1,2397.5,224005.35
Miami,Apartment,1982,1090,4,3.3,3,0,1746.11,289977.46
Miami,Apartment,1989,1550,2,1.4,1,1,2120.54,572256.87
San Francisco,Detached,1992,4133,3,3.4,2,1,10385.82,1472876.81
New York,Detached,1993,4944,5,2.8,2,1,9632.47,1133097.44
San Francisco,Townhouse,1978,1459,3,3.5,3,0,2117.85,564069.41
New York,Apartment,1962,1192,3,1.3,1,0,2662.03,419479.41
New York,Semi-Detached,1961,4399,2,2.7,2,0,4753.86,1236272.17
Miami,Semi-Detached,1995,4973,3,2.5,2,1,8217.09,838357.95
New York,Townhouse,1951,3446,1,3.1,2,0,6675.29,1169877.15
Chicago,Semi-Detached,1984,1026,4,2.6,3,1,1329.61,331484.49
Chicago,Townhouse,1957,3724,1,2.6,2,0,11057.71,1233641.04
Chicago,Apartment,1975,2753,5,2.3,2,1,3904.29,943486.67
Miami,Semi-Detached,1983,3844,4,1.9,1,0,4846.15,1270315.18
San Francisco,Apartment,1956,4465,3,2.4,1,0,6282.57,1340019.26
Houston,Detached,2017,2375,5,1.4,2,1,6028.04,559472.19
New York,Semi-Detached,2007,2263,4,3.9,2,0,4188.84,558896.13
Houston,Detached,1978,1020,3,3.1,1,1,2173.45,272627.72
San Francisco,Semi-Detached,1985,1516,1,3.9,3,0,1579.7,270777.95
San Francisco,Apartment,1970,616,4,1.7,3,0,658.42,216072.49
Miami,Townhouse,1985,2933,3,3.6,3,1,5548.21,910085.83
Chicago,Apartment,1959,1083,1,3.4,3,1,2851.88,386197.37
Chicago,Apartment,1973,894,5,3.0,3,1,2476.81,235161.58
San Francisco,Apartment,2013,4288,5,2.9,3,0,5031.6,1180191.47
Miami,Semi-Detached,1998,3268,5,1.9,3,1,6786.74,563734.12
Miami,Townhouse,1985,4667,5,3.4,3,0,13191.09,862610.41
New York,Detached,1973,4360,2,2.5,1,1,7743.12,743772.64
Chicago,Apartment,1972,773,4,1.2,3,1,2055.51,281508.9
San Francisco,Semi-Detached,2011,2513,4,1.9,3,1,3184.95,475990.54
Houston,Detached,1986,4933,2,3.8,3,1,14161.6,1498402.51
Chicago,Apartment,1961,1889,3,3.6,2,1,4727.88,437858.21
New York,Detached,2004,4066,3,3.9,1,1,11720.93,1385956.18
Miami,Apartment,1962,665,5,2.9,1,0,1564.9,278198.95
San Francisco,Detached,1972,2067,1,1.7,1,1,3569.31,732917.01
Chicago,Detached,1979,1228,3,1.5,3,0,3532.17,441751.95
Houston,Townhouse,1966,2543,1,1.6,3,1,3944.53,882341.34
New York,Townhouse,2011,4697,4,1.1,2,1,7817.43,1563952.61
New York,Apartment,1962,3996,1,2.2,1,1,9596.86,1183950.81
Chicago,Semi-Detached,2008,1278,4,1.6,3,0,3234.15,286418.24
Houston,Townhouse,1968,713,2,2.2,1,0,2038.33,181095.49
New York,Detached,1998,4262,2,3.8,2,1,6007.74,872228.47
San Francisco,Townhouse,1961,2076,5,2.3,2,0,5389.29,628108.82
New York,Townhouse,2010,2948,3,3.6,2,1,7302.47,799334.32
Houston,Apartment,1968,3436,5,2.8,1,1,3874.4,1185857.37
Miami,Townhouse,1958,3617,4,1.7,3,0,6418.17,1283613.55
Miami,Townhouse,2020,1091,5,2.1,3,0,1707.99,316690.43
Chicago,Detached,1977,3220,1,1.3,2,0,5180.92,828189.76
Houston,Townhouse,2001,1213,4,2.0,3,0,3597.63,471639.87
New York,Detached,1965,1435,2,3.0,2,1,3279.77,340530.58
New York,Townhouse,2018,4837,3,1.2,1,0,11779.8,1530508.84
Miami,Townhouse,1961,501,4,1.6,2,0,1479.57,148919.04
Miami,Semi-Detached,1974,3348,4,2.1,1,1,5873.74,1018205.69
San Francisco,Townhouse,2001,4544,1,3.9,2,0,11831.12,949385.88
Miami,Detached,2002,2449,3,3.4,3,0,4577.33,854002.61
San Francisco,Detached,1972,1417,2,3.2,3,0,3881.26,414072.85
New York,Apartment,1965,3674,4,1.3,2,0,5001.47,736824.04
San Francisco,Apartment,2006,2741,4,3.3,3,1,7936.22,602249.18
San Francisco,Semi-Detached,1988,589,1,3.4,3,1,846.71,185325.44
Chicago,Detached,2002,2209,5,2.8,3,0,3650.24,825785.77
Miami,Detached,1991,2669,2,4.0,1,0,6705.55,859184.99
San Francisco,Detached,2007,4738,3,2.0,3,1,8469.22,1222422.22
New York,Semi-Detached,1988,3541,4,3.8,1,0,7848.35,836922.7
Houston,Detached,1963,605,4,3.7,2,0,1142.93,223111.49
San Francisco,Apartment,1954,1386,2,1.0,3,0,3443.85,442345.62
Miami,Semi-Detached,1984,927,5,2.4,3,0,1350.33,351190.36
Chicago,Apartment,1967,2395,4,3.9,3,0,2675.01,582037.61
New York,Apartment,1958,816,2,1.3,2,0,1305.48,269193.19
Chicago,Semi-Detached,2007,1134,1,2.6,1,0,2209.73,347486.5
Houston,Townhouse,1966,2425,5,3.9,1,0,3239.9,906219.46
San Francisco,Townhouse,1956,2556,3,2.7,3,0,4369.72,908273.36
San Francisco,Apartment,1995,3644,4,1.6,2,1,6559.08,1178099.65
Miami,Townhouse,1962,2770,2,2.7,2,1,3087.95,860160.66
San Francisco,Detached,1989,1939,1,1.6,2,1,4201.07,423323.33
New York,Semi-Detached,1991,1052,3,2.6,2,0,2912.66,383991.09
Houston,Apartment,1958,1215,2,1.2,2,0,1583.74,314533.89
Chicago,Detached,1999,4411,2,2.8,1,1,9684.86,946420.61
Houston,Townhouse,1976,2213,3,2.6,1,0,5155.14,550179.55
San Francisco,Detached,2015,3889,1,3.2,1,1,7150.59,1270940.62
Chicago,Townhouse,1954,1607,1,2.9,3,0,3860.33,319120.72
Miami,Apartment,1978,4706,5,2.6,2,1,8571.81,1208436.61
Houston,Detached,1986,750,4,3.1,3,1,1506.96,253053.64
Chicago,Semi-Detached,1987,2930,3,1.4,2,1,2973.09,505765.0
Chicago,Apartment,1957,2554,3,2.8,1,0,6087.31,532687.07
Chicago,Detached,2014,958,3,1.5,3,1,2225.13,347603.85
New York,Detached,1966,707,1,3.8,1,0,761.3,260120.51
Houston,Townhouse,2020,1399,4,1.2,2,0,2429.36,340067.74
Chicago,Apartment,1994,3961,5,2.3,2,0,11716.89,1353343.59
Houston,Apartment,1953,3885,2,3.1,2,0,7154.12,1224125.34
Chicago,Apartment,1985,521,2,2.4,1,0,1044.03,158495.96
Miami,Apartment,2019,909,3,1.3,2,0,2563.25,311510.27
Miami,Townhouse,1980,1394,4,2.7,1,0,3393.73,536020.1
Miami,Semi-Detached,1968,1014,1,2.9,3,1,2194.44,280479.06
San Francisco,Apartment,2010,4609,4,3.1,2,1,11963.16,977832.17
Chicago,Townhouse,2003,2634,4,2.1,2,1,7187.48,950948.93
San Francisco,Semi-Detached,1988,4095,1,2.7,2,0,7836.91,1137616.57
Houston,Semi-Detached,1968,3456,3,2.4,3,0,6739.95,637959.28
San Francisco,Townhouse,1988,2060,4,3.0,2,0,3650.53,605945.32
Houston,Apartment,2016,1766,2,2.8,1,0,5180.41,481305.17
Houston,Semi-Detached,1994,2669,1,2.6,1,1,6390.47,890263.35
Houston,Apartment,1962,4138,5,1.7,2,0,4826.75,1121803.34
San Francisco,Apartment,2007,1249,3,1.0,2,1,3404.67,293107.06
Chicago,Detached,1969,3927,1,1.5,3,0,7701.32,1140200.85
San Francisco,Apartment,2021,2427,5,1.4,3,1,2760.73,692216.12
Chicago,Detached,2010,4304,5,2.3,3,0,9035.97,912304.82
Chicago,Semi-Detached,1988,4202,4,2.8,2,1,7707.85,1176976.85
Houston,Townhouse,1950,2856,4,1.6,3,0,7869.7,948861.12
San Francisco,Detached,1952,2835,4,3.8,3,1,3991.65,513049.71
Chicago,Townhouse,2011,806,1,1.0,1,0,2138.26,239593.19
Miami,Semi-Detached,2012,4165,1,3.3,3,1,8810.55,954054.47
Chicago,Apartment,1974,2489,3,2.9,1,1,2760.85,574341.85
Miami,Semi-Detached,2005,1161,4,2.1,1,0,3417.62,320008.88
San Francisco,Townhouse,1982,811,5,1.2,3,1,1642.46,240526.08
San Francisco,Semi-Detached,1987,3420,2,2.9,1,0,5409.6,1122551.55
San Francisco,Apartment,1955,1582,3,2.2,2,0,3067.2,369646.03
Chicago,Semi-Detached,2007,3471,1,3.8,2,0,9426.25,1066204.83
New York,Apartment,1993,1254,3,2.6,3,1,2018.7,264890.2
Chicago,Detached,1994,4630,3,3.8,2,1,6414.18,1637093.04
Chicago,Townhouse,1981,852,3,1.7,1,0,1071.94,275742.75
Houston,Apartment,1994,1402,3,3.2,2,0,2237.2,460863.89
Houston,Apartment,2010,4388,2,2.9,3,1,11233.7,965059.32
Chicago,Semi-Detached,1996,658,4,3.2,3,1,1278.66,220331.91
Miami,Detached,1970,2477,5,1.6,1,1,3603.94,548609.81
Houston,Apartment,1985,1456,3,3.0,3,0,1939.93,540954.51
Chicago,Detached,1968,2571,3,2.5,2,0,4281.89,684133.31
New York,Detached,1969,903,3,3.2,3,0,2600.5,301708.93
Miami,Semi-Detached,2006,3279,4,2.0,1,0,5528.57,1027385.6
San Francisco,Apartment,1967,1887,1,3.7,3,0,5616.18,459005.44
Chicago,Semi-Detached,1996,3953,1,1.3,2,1,7789.23,1186362.37
Chicago,Townhouse,1998,1455,2,3.4,1,0,1976.37,458763.81
Miami,Townhouse,1963,2212,1,3.6,2,1,6154.4,684183.69
Houston,Apartment,1964,1773,3,3.5,1,1,3405.42,498930.92
Houston,Detached,1980,4311,3,2.5,3,0,10429.79,1024318.61
Houston,Apartment,1950,3125,3,2.3,1,1,9273.2,658651.37
San Francisco,Apartment,2003,2882,2,4.0,1,0,3171.21,955614.63
Miami,Townhouse,1952,1941,3,1.7,3,1,2316.37,574211.49
Miami,Townhouse,1965,3479,1,2.6,2,0,8491.94,859230.26
Houston,Detached,2006,2297,4,3.0,3,0,3591.7,839221.72
Houston,Detached,1961,4890,4,3.1,1,1,6692.47,846986.36
New York,Apartment,1965,4509,5,1.6,3,0,4863.97,1504235.06
New York,Semi-Detached,2021,1894,1,3.0,1,1,1976.76,697984.29
Chicago,Apartment,1973,4781,3,3.5,3,0,12186.63,1619744.05
Chicago,Detached,1977,1769,4,1.2,3,0,2244.63,600482.46
Miami,Semi-Detached,1957,4214,1,3.7,2,0,8155.95,983465.09
Miami,Townhouse,1985,1029,4,1.1,1,1,2275.94,254654.46
San Francisco,Detached,1957,4123,3,2.1,2,1,7655.19,1274107.74
San Francisco,Detached,2007,3458,4,1.0,1,0,3645.47,776344.32
New York,Semi-Detached,2009,3414,5,1.2,3,1,8763.75,695699.89
Chicago,Detached,1999,4091,5,3.7,1,0,4177.02,1333085.48
New York,Detached,1977,2647,4,2.1,2,1,6680.45,622210.61
New York,Detached,1990,3869,1,2.3,2,1,10781.39,1319045.01
Chicago,Detached,2013,1439,1,1.6,2,0,2684.71,478984.08
San Francisco,Detached,1976,1025,1,2.8,1,0,2122.86,357116.27
Chicago,Detached,2012,501,4,2.8,2,0,978.94,212061.29
Houston,Detached,1966,874,1,2.1,2,0,1554.34,309778.07
Houston,Detached,1982,2840,3,2.0,2,0,7880.57,927664.23
Houston,Townhouse,1978,4505,5,3.7,3,1,12559.34,1299512.74
Miami,Detached,1962,3552,3,2.1,3,1,5937.64,792652.46
San Francisco,Townhouse,1995,2865,1,2.5,1,0,6389.35,966193.87
San Francisco,Townhouse,1984,2025,3,1.8,1,0,5778.98,686794.47
Miami,Apartment,1955,4976,1,3.4,2,0,14550.41,1250809.5
New York,Apartment,2018,2146,4,2.2,3,1,4330.45,399072.57
Houston,Townhouse,1996,513,3,2.5,2,0,977.6,189964.59
Houston,Townhouse,1974,2778,4,1.8,2,0,4326.43,497411.61
New York,Detached,2015,3655,4,4.0,3,1,10664.35,1298360.65
Chicago,Apartment,1959,629,2,1.9,3,1,808.66,253623.21
Chicago,Semi-Detached,2005,4314,1,3.3,3,1,9316.77,848692.1
San Francisco,Apartment,1979,3716,5,2.3,1,1,5815.91,1131192.59
Miami,Townhouse,1954,3438,1,1.6,1,0,5356.46,600344.17
San Francisco,Townhouse,1982,4428,5,3.4,2,1,8014.4,1389060.19
Chicago,Detached,2014,2540,1,2.0,1,1,7613.87,586422.13
New York,Detached,1967,527,4,3.6,3,0,584.93,216032.68
San Francisco,Apartment,1998,2613,3,3.7,3,0,5636.46,642715.26
Houston,Detached,1960,1752,3,3.6,1,0,2041.33,369006.86
Houston,Semi-Detached,1975,4856,2,1.1,2,1,6356.71,1155514.01
New York,Semi-Detached,2012,2546,5,3.4,2,0,4784.25,513073.36
Chicago,Detached,2008,4523,5,2.2,1,1,9140.62,1270698.61
Houston,Semi-Detached,1976,4896,5,3.6,2,1,7430.1,854699.74
Houston,Semi-Detached,1998,3874,4,2.9,2,1,6325.91,1054967.29
Miami,Apartment,1982,3966,5,3.5,2,0,4655.82,1372467.61
San Francisco,Semi-Detached,1950,3581,3,2.5,3,1,5752.66,1189734.84
Chicago,Townhouse,1970,4278,4,2.6,3,0,12547.87,1455208.02
San Francisco,Townhouse,2004,1129,1,1.4,1,0,3262.15,397348.62
Chicago,Apartment,1955,769,5,3.4,3,0,1284.04,205226.39
Houston,Detached,2018,3139,5,2.3,2,1,6722.82,622777.49
Miami,Apartment,1954,2493,1,2.5,3,1,7028.24,684173.59
San Francisco,Detached,1952,3391,5,3.4,1,1,3432.94,1193742.26
Houston,Detached,2002,3932,1,2.8,3,0,10307.22,1385628.41
Chicago,Detached,1972,1780,4,1.6,2,1,5156.2,339669.24
San Francisco,Detached,2002,2860,3,2.8,2,1,3382.38,687102.78
San Francisco,Detached,1986,1075,1,2.2,1,1,1422.11,237422.26
Houston,Apartment,1966,1807,2,2.4,3,1,5279.14,586056.06
San Francisco,Detached,1950,3692,1,1.1,3,1,7661.2,1049219.15
Miami,Semi-Detached,2000,3678,5,1.6,3,0,3782.43,701089.64
Miami,Semi-Detached,1994,3234,4,1.8,2,0,4900.36,850442.07
Houston,Detached,1953,2712,4,3.1,1,0,5152.49,840282.94
Chicago,Semi-Detached,2011,2852,1,1.0,3,0,6804.35,889144.68
Houston,Townhouse,2014,4068,3,2.2,2,1,10032.99,676914.88
Miami,Apartment,1981,2155,2,3.8,2,0,6445.27,753642.39
New York,Apartment,1983,2079,4,1.3,2,1,3274.47,602657.2
New York,Detached,2021,2703,5,2.5,3,0,5612.62,911868.07
San Francisco,Detached,1988,1890,5,3.4,3,0,3905.96,662700.58
San Francisco,Townhouse,1975,2242,3,3.8,3,0,4060.91,478029.93
New York,Detached,1983,2425,4,3.2,3,1,3245.44,484583.48
Miami,Semi-Detached,2003,1119,1,3.2,3,1,3306.55,366674.09
San Francisco,Townhouse,1952,1774,5,3.5,3,0,4801.57,396100.27
Houston,Semi-Detached,1999,1456,3,2.3,3,1,2907.15,517001.8
Houston,Apartment,1961,2439,4,3.4,3,0,5381.63,783885.23
Miami,Semi-Detached,2014,4453,4,1.0,3,0,6476.99,1464679.67
San Francisco,Apartment,2003,2881,4,3.8,2,0,6014.3,671041.11
Houston,Semi-Detached,1954,1468,4,2.3,3,1,3508.43,374253.19
San Francisco,Apartment,2006,1816,4,2.7,1,0,3687.09,575087.67
San Francisco,Detached,1966,1543,5,1.8,2,0,4599.02,303754.22
Houston,Semi-Detached,1996,781,3,3.2,3,0,1735.92,283028.79
New York,Apartment,1972,3344,4,1.2,1,1,5825.07,1113971.72
Houston,Semi-Detached,1963,1558,2,3.6,3,0,3964.03,408264.97
Miami,Townhouse,2015,4793,2,3.5,1,1,6427.05,1501662.85
Chicago,Detached,2000,3032,3,1.6,1,0,5363.7,601884.06
Houston,Apartment,1987,4328,1,3.4,1,1,7331.28,966948.6
San Francisco,Townhouse,2013,1508,1,3.4,1,0,2810.33,553850.38
San Francisco,Semi-Detached,1987,1729,1,2.9,2,0,4432.39,630722.28
Houston,Townhouse,1999,1535,2,2.1,2,1,3021.41,427319.75
Chicago,Semi-Detached,1979,775,1,1.8,1,1,2005.72,288661.82
Houston,Detached,2000,3240,5,1.7,3,0,6975.65,886629.48
Chicago,Townhouse,2012,2789,4,2.0,1,1,4697.06,639997.86
Chicago,Detached,2001,1739,2,3.7,2,0,4556.11,399577.57
Miami,Apartment,1987,625,3,1.2,3,0,922.86,248338.21
San Francisco,Semi-Detached,1979,4565,3,3.5,2,0,6613.62,896693.55
San Francisco,Semi-Detached,2000,4812,4,2.0,2,1,9667.34,1338638.28
Chicago,Detached,1954,4368,2,2.6,3,0,6646.78,1178706.7
San Francisco,Detached,1978,1708,1,3.4,1,1,1739.04,547654.77
New York,Apartment,1953,3749,1,3.7,1,0,8609.93,972582.33
Chicago,Townhouse,1959,1418,5,2.0,1,1,2867.46,358920.21
San Francisco,Semi-Detached,2005,4423,5,2.4,1,1,8364.05,885098.14
New York,Semi-Detached,1966,4903,1,2.2,3,0,14385.09,1369624.92
Miami,Apartment,1966,2469,3,1.0,3,1,5289.58,767387.64
San Francisco,Apartment,2018,3293,3,1.9,3,0,8979.56,912336.71
New York,Detached,1983,1391,5,2.4,2,0,1778.95,480859.33
Houston,Detached,1955,4970,4,2.2,3,0,10627.91,941572.08
Houston,Townhouse,2002,2533,1,3.2,1,0,6930.18,859409.4
New York,Apartment,2015,1864,5,2.2,2,0,4037.82,562117.05
Chicago,Townhouse,1992,628,5,2.5,1,1,1529.83,182631.6
Chicago,Apartment,1972,1514,1,2.3,1,0,2640.55,393070.95
San Francisco,Semi-Detached,2004,2299,1,3.2,3,1,2724.08,770685.24
Houston,Apartment,1965,2018,3,3.6,3,1,3866.09,725156.1
Chicago,Apartment,1957,4681,4,2.6,1,0,8374.12,1008114.87
Chicago,Semi-Detached,1953,1698,4,3.4,1,1,4642.54,565045.87
Houston,Apartment,1953,4373,1,1.9,2,0,6506.98,766697.1
Miami,Townhouse,2005,2974,2,2.6,3,1,8724.14,509253.08
Chicago,Detached,1974,3985,5,2.0,2,1,11621.36,1113387.97
New York,Detached,2016,4549,5,2.2,2,1,6801.95,1384904.13
San Francisco,Townhouse,2016,4219,1,3.2,2,0,7155.86,1336734.84
Chicago,Semi-Detached,1976,802,2,3.6,1,1,2238.47,225070.68
Chicago,Apartment,1981,4452,3,1.4,2,0,13058.8,713410.23
Miami,Townhouse,1999,1486,1,2.9,2,1,2803.9,400713.12
New York,Detached,2010,2363,1,2.7,1,1,3880.03,395842.39
San Francisco,Detached,2000,4940,5,1.4,3,1,10137.81,896680.7
Chicago,Townhouse,1968,3572,1,1.6,3,1,8485.42,795386.64
San Francisco,Detached,1970,3624,1,1.9,2,0,5606.14,883762.3
Houston,Townhouse,1954,1827,1,1.5,1,0,4518.07,396668.13
Chicago,Detached,1991,2908,5,1.7,3,1,3208.44,841512.84
Chicago,Townhouse,2010,4173,3,1.8,2,1,4584.41,719744.93
Houston,Apartment,1971,3791,3,2.0,2,0,6719.83,722270.34
Miami,Apartment,1970,4533,1,3.2,1,0,7737.59,1342671.27
Chicago,Apartment,2019,1203,5,2.7,2,0,1962.41,283549.09
San Francisco,Apartment,1950,1074,3,4.0,3,0,2128.71,356523.71
New York,Detached,1954,3732,3,2.2,1,1,6125.96,651016.6
San Francisco,Semi-Detached,1961,3132,3,3.3,3,1,4336.3,783084.26
Miami,Townhouse,1995,4328,5,3.6,3,0,7006.77,877965.64
New York,Semi-Detached,1983,3730,5,3.0,3,0,11002.79,712288.67
San Francisco,Detached,1998,988,1,2.2,2,0,1800.36,285645.68
San Francisco,Detached,1994,1847,4,3.3,2,0,3489.77,683077.23
Houston,Semi-Detached,1976,4181,3,1.6,3,0,9002.07,714162.93
Miami,Semi-Detached,1975,3673,4,2.0,3,0,10896.62,914623.75
Houston,Detached,1996,2167,5,2.6,1,1,3214.1,704895.86
New York,Detached,2005,2137,5,2.7,1,1,5048.8,592202.78
Houston,Townhouse,2012,4614,5,1.1,2,1,11221.11,1499034.46
Miami,Apartment,1997,4053,4,3.8,2,0,8975.97,820170.49
Chicago,Apartment,2010,1500,5,3.1,1,0,1765.74,584578.26
Chicago,Townhouse,1975,1350,1,2.5,3,0,3177.56,333993.91
New York,Semi-Detached,1985,1888,5,3.8,2,1,2130.02,493776.69
Chicago,Detached,1950,4212,2,2.3,3,0,9233.91,1404667.92
Houston,Semi-Detached,1957,1867,4,3.9,1,0,4628.6,557897.95
New York,Apartment,2001,1321,2,2.5,2,1,1878.38,377094.6
Miami,Apartment,1996,954,5,1.3,2,0,2559.81,340907.39
New York,Semi-Detached,2005,2124,1,3.3,1,1,2252.94,603013.58
New York,Apartment,1963,3272,3,3.0,2,1,8793.91,653150.24
San Francisco,Detached,1977,4226,5,3.3,1,0,8116.7,1276831.83
San Francisco,Townhouse,1951,3647,1,3.9,2,1,5234.09,686702.2
New York,Semi-Detached,1975,4589,4,3.3,1,0,5816.82,1491066.2
Chicago,Detached,1963,2690,2,2.8,2,1,7818.79,980578.29
San Francisco,Detached,2008,1416,2,3.6,3,0,1621.79,364476.18
Miami,Apartment,2005,4486,2,3.0,3,1,6272.27,1117934.99
Houston,Detached,1956,3375,4,2.2,3,0,5722.8,592992.72
San Francisco,Semi-Detached,1952,1940,1,3.7,2,1,4346.51,337228.48
New York,Detached,1972,4900,4,1.7,2,1,10239.05,1694890.95
Chicago,Townhouse,1967,1235,2,3.1,3,1,1545.34,263720.14
Houston,Detached,1987,4068,5,3.6,3,0,6425.23,1048085.59
San Francisco,Detached,1964,3838,3,3.2,1,0,5670.66,1253966.21
Chicago,Townhouse,2013,3515,4,3.1,1,1,5016.21,1219141.09
Chicago,Detached,1977,3389,4,3.3,1,0,6175.74,923497.75
Chicago,Detached,1988,1461,1,2.4,3,1,3518.18,416052.5
New York,Apartment,2006,3489,1,3.6,3,0,5006.39,1025855.48
Miami,Semi-Detached,1966,4348,4,1.6,3,1,7536.64,1544418.2
Chicago,Apartment,1993,1526,2,1.4,1,0,2719.08,442634.87
Houston,Semi-Detached,1974,4365,3,1.9,2,1,12889.47,1191471.9
San Francisco,Townhouse,1966,3363,1,2.6,3,1,9784.09,547425.66
Houston,Townhouse,1962,3001,2,2.5,2,1,7803.43,541236.01
New York,Townhouse,1974,2447,5,3.5,2,1,3629.68,729017.79
New York,Semi-Detached,2017,1677,1,2.2,2,0,1905.2,590965.03
Houston,Semi-Detached,1959,511,2,2.5,1,1,834.88,207725.86
Miami,Semi-Detached,2016,4899,2,1.0,2,0,7513.05,1724580.83
New York,Townhouse,1967,3864,3,2.2,3,0,7773.79,1032910.14
New York,Semi-Detached,1983,3522,3,2.9,1,1,9000.32,1138618.55
Houston,Detached,1957,3871,5,1.0,3,0,10516.14,1288287.94
New York,Apartment,1989,3330,2,1.8,3,0,8956.79,963689.08
Miami,Townhouse,1991,542,2,1.6,1,0,931.89,149220.49
Miami,Apartment,1990,1443,3,1.1,3,1,3426.36,394785.78
Miami,Detached,1955,2890,1,2.4,3,0,4698.18,956176.07
San Francisco,Semi-Detached,2001,3045,1,1.5,1,0,3415.91,659065.69
Miami,Apartment,1975,2911,4,3.2,3,1,6995.51,1041853.25
Miami,Detached,2013,1504,3,3.5,2,1,1533.56,354225.75
San Francisco,Detached,2008,520,4,2.6,3,0,945.55,214149.71
Chicago,Apartment,2005,906,3,3.9,2,1,1502.84,312457.33
New York,Townhouse,2008,1514,5,2.4,3,0,3613.55,520878.71
Miami,Apartment,2019,4931,2,2.5,1,0,12487.71,1208462.18
New York,Townhouse,1982,2338,5,4.0,1,0,3759.95,864802.96
Houston,Semi-Detached,2002,3688,3,1.7,3,1,9674.56,1066611.5
New York,Townhouse,1971,1214,2,3.8,1,0,1927.63,298698.22
San Francisco,Semi-Detached,1970,4646,1,1.1,3,1,8793.26,1312852.45
New York,Apartment,2019,4354,1,2.3,1,1,10684.88,933959.15
New York,Semi-Detached,2019,4919,4,1.2,2,0,11735.95,1075125.55
New York,Detached,1953,640,3,3.2,3,1,1903.83,204548.61
Chicago,Semi-Detached,2011,1463,3,2.8,2,1,2121.82,523471.14
Chicago,Townhouse,2011,872,1,3.1,2,1,2027.08,254751.95
Houston,Townhouse,1973,4135,5,2.1,3,1,9177.07,1251401.0
San Francisco,Townhouse,2004,3041,2,2.1,2,1,8606.63,734244.78
New York,Semi-Detached,1958,4110,5,1.1,3,0,5395.3,890883.67
New York,Townhouse,1952,2192,5,2.0,2,1,5487.88,816314.25
New York,Townhouse,1980,605,1,3.8,3,0,1292.61,200383.33
New York,Detached,1989,2181,1,2.1,3,0,3379.09,759239.57
Chicago,Semi-Detached,1985,4597,1,3.5,1,0,8958.95,911067.91
Houston,Detached,1973,4516,4,3.5,3,0,7530.67,874574.81
Miami,Townhouse,1955,3136,5,2.1,3,0,6769.45,1071872.13
San Francisco,Townhouse,2015,2637,3,2.9,2,0,7325.59,804965.74
New York,Townhouse,1953,3916,2,1.3,3,1,8374.8,767628.28
Houston,Semi-Detached,1955,4945,4,1.3,1,1,11192.73,1062246.74
Miami,Apartment,2000,4030,3,1.1,2,1,8211.11,1292535.14
Houston,Townhouse,2011,1786,5,2.7,2,0,1968.76,498921.87
Chicago,Townhouse,2006,3679,1,2.3,1,1,5392.37,1076333.7
Miami,Townhouse,2015,4154,5,2.6,2,1,8241.55,960786.86
Houston,Townhouse,1957,2859,2,2.6,2,1,4632.93,690037.29
Chicago,Semi-Detached,1975,944,4,2.1,2,0,1287.17,383346.53
Houston,Apartment,2000,535,4,3.0,2,1,1074.42,172745.03
Houston,Apartment,1994,1975,2,3.3,1,0,3250.1,539400.27
Miami,Apartment,1993,4457,3,1.0,1,1,6757.77,1463250.25
Chicago,Townhouse,1954,2298,3,1.6,2,0,4430.48,495846.99
New York,Townhouse,2019,2345,4,3.1,2,0,2970.1,608185.25
San Francisco,Apartment,1975,1908,4,2.2,1,0,5448.28,576318.84
Miami,Apartment,2017,2208,1,3.0,1,1,6039.77,579692.69
Chicago,Townhouse,1968,3438,3,2.0,1,1,8303.6,880653.76
Houston,Townhouse,1969,1800,2,2.2,2,0,2182.37,435903.5
Chicago,Detached,1961,1743,3,1.5,2,1,4447.71,511454.91
San Francisco,Detached,1996,4476,1,1.8,3,0,11708.83,1252938.44
San Francisco,Detached,1950,3597,4,2.8,1,0,9120.3,1069126.5
New York,Apartment,1963,509,4,2.3,2,1,625.02,144613.47
New York,Semi-Detached,2013,2925,1,3.3,1,1,6691.86,846004.99
San Francisco,Townhouse,1987,2160,2,3.6,2,1,5764.28,785998.46
Miami,Detached,1986,3131,4,2.6,1,0,6746.39,866615.58
Miami,Semi-Detached,1960,1572,5,3.3,2,0,3604.3,533779.97
Houston,Townhouse,1952,3725,4,1.9,3,1,7139.81,1031815.57
New York,Semi-Detached,1982,1816,5,2.2,3,0,3736.26,648241.79
Houston,Apartment,1955,4645,1,3.1,1,1,4964.36,1597032.69
New York,Apartment,1999,4183,1,2.2,2,0,9528.56,806968.37
San Francisco,Apartment,1959,3773,4,2.8,2,1,4387.6,960204.58
Miami,Detached,1954,645,3,1.6,1,1,1206.17,193567.29
Miami,Townhouse,1972,3540,5,2.8,2,0,5612.0,887492.31
San Francisco,Apartment,1959,1962,2,3.6,1,1,4102.26,393755.69
Houston,Detached,1993,2084,4,3.6,2,1,2640.08,721915.03
Houston,Detached,1951,982,2,3.2,1,0,2340.39,196724.49
Chicago,Detached,1962,3679,4,3.2,2,1,9528.69,1007919.14
New York,Detached,1989,1749,3,2.7,1,0,2320.41,542775.06
Houston,Apartment,1951,1130,3,2.8,2,1,1365.75,270988.09
San Francisco,Detached,2014,1161,3,1.4,3,0,1498.89,424288.41
Houston,Apartment,2012,4003,3,2.3,2,1,11025.28,1322892.5
Miami,Apartment,1966,3352,1,2.4,1,1,6892.98,850414.53
New York,Detached,1958,2966,1,3.9,3,1,5737.79,731093.55
Chicago,Apartment,1964,1487,5,2.3,2,1,1804.36,364505.3
New York,Townhouse,1973,2046,2,2.6,3,0,4703.98,643813.23
Miami,Townhouse,1987,1149,4,2.6,2,0,3143.66,260824.73
Miami,Semi-Detached,1984,1468,4,2.9,3,0,3899.55,480217.8
Miami,Townhouse,1998,3137,1,3.2,1,0,7064.87,1031507.51
Miami,Apartment,2018,1600,4,1.7,2,0,1840.89,365010.9
San Francisco,Apartment,2011,940,1,2.6,2,0,1151.31,332088.35
Chicago,Townhouse,2009,1269,5,3.5,1,0,1394.15,273307.43
Miami,Detached,1999,1843,2,2.4,3,1,2792.07,654703.43
Miami,Detached,1958,4858,5,1.8,1,1,6176.09,911300.74
Houston,Apartment,1983,4229,3,3.0,1,1,6428.49,1236533.11
Chicago,Detached,1984,4406,3,3.5,3,1,7799.13,940772.67
New York,Semi-Detached,1950,2077,3,1.2,1,0,5994.15,697453.86
Chicago,Semi-Detached,1989,4508,5,3.3,2,0,10011.15,1211190.01
Chicago,Townhouse,2013,3851,4,3.5,2,0,10281.97,746312.77
Chicago,Townhouse,1971,2849,2,2.4,2,1,6896.58,794501.0
Miami,Detached,2009,4102,3,3.9,1,0,5024.98,1007226.89
Miami,Apartment,2013,1741,3,3.4,2,1,4303.47,550266.13
San Francisco,Townhouse,2021,1625,3,3.3,2,0,2519.07,583468.57
New York,Semi-Detached,1960,3101,2,3.2,2,0,7064.75,761453.14
Houston,Townhouse,1963,1690,3,1.5,2,0,2842.45,391979.67
Chicago,Townhouse,2009,4631,2,1.7,2,0,13871.44,739993.88
New York,Semi-Detached,1979,4948,3,2.4,2,1,7556.11,1362860.71
New York,Apartment,1984,572,5,1.8,1,1,891.33,199420.23
San Francisco,Townhouse,1986,2414,5,2.2,2,0,6907.29,608380.64
Houston,Townhouse,1954,2972,2,3.7,2,1,3118.49,605436.75
Chicago,Townhouse,1975,3546,5,3.5,3,0,8486.92,911395.25
Houston,Detached,2011,1207,2,2.9,1,0,2957.94,458994.29
San Francisco,Townhouse,1953,2304,5,3.6,1,0,6158.03,558005.11
Miami,Semi-Detached,1991,4213,5,3.4,1,0,12423.63,1211060.94
New York,Apartment,1967,3064,2,2.3,1,1,9042.49,976531.16
Chicago,Apartment,1989,2975,4,1.6,2,0,3363.4,943198.9
Miami,Semi-Detached,2021,4110,5,2.5,2,0,10865.52,954252.46
San Francisco,Detached,1988,4755,3,3.2,3,1,10901.41,1351577.94
Houston,Semi-Detached,1963,3323,4,2.3,3,0,7625.24,1133592.51
New York,Apartment,1981,2235,2,3.0,1,1,2808.72,388155.0
Chicago,Semi-Detached,2000,2085,4,1.3,3,0,4796.28,543551.23
Miami,Detached,1987,566,1,3.2,3,0,1678.17,142687.75
Miami,Apartment,1972,3561,1,3.4,1,0,10054.97,844733.92
New York,Detached,2012,2928,5,3.1,1,0,5499.55,754503.51
Houston,Semi-Detached,1964,4653,5,3.9,3,0,5024.76,1470102.0
San Francisco,Townhouse,1974,841,3,3.5,2,0,1450.38,196430.84
Houston,Semi-Detached,1966,3274,4,3.7,3,1,8685.2,897639.94
Houston,Detached,2015,3317,1,3.8,3,0,7970.75,908436.82
Houston,Semi-Detached,2002,3161,5,3.4,2,1,6064.97,865356.44
New York,Townhouse,2000,1732,4,3.0,2,1,1922.87,579320.89
New York,Detached,1988,4374,5,1.0,1,0,8108.48,1048840.59
San Francisco,Semi-Detached,2000,2901,5,2.4,1,1,5622.28,1055219.89
Houston,Detached,2019,1994,1,2.7,3,0,5697.08,520143.21
New York,Detached,1955,4711,1,1.9,2,1,10751.31,1273147.75
San Francisco,Apartment,2016,1161,5,2.0,1,0,1884.66,429838.26
San Francisco,Apartment,1956,4383,2,3.9,3,1,8987.94,951021.97
Houston,Detached,2000,4119,5,3.7,2,1,4663.16,760701.43
Chicago,Semi-Detached,2021,2368,5,3.5,3,0,6974.08,764906.49
Houston,Semi-Detached,1991,2834,3,2.2,1,1,4874.82,749271.12
Chicago,Semi-Detached,2013,3874,3,1.0,1,0,7576.52,1312711.49
San Francisco,Townhouse,1964,1516,3,1.2,2,0,2593.22,563748.59
New York,Detached,1978,4906,2,1.9,3,0,11602.81,1160806.09
Miami,Detached,1982,707,2,1.0,2,0,1643.4,191793.08
San Francisco,Townhouse,1976,3165,5,1.1,1,0,7692.99,790690.33
New York,Detached,1985,2993,3,3.7,1,1,4598.11,704128.09
San Francisco,Detached,1978,1132,2,3.1,3,1,1846.67,393473.96
Houston,Townhouse,1987,2602,1,1.9,3,1,3253.81,813581.39
Chicago,Apartment,2006,3459,5,1.4,3,0,7993.82,909776.52
San Francisco,Detached,1976,3583,4,2.5,2,1,3868.19,631954.23
New York,Townhouse,2004,2431,5,1.0,3,1,5336.93,577157.73
Houston,Semi-Detached,1982,4219,4,3.8,3,1,11557.49,951095.31
Miami,Apartment,2017,3062,3,2.2,1,1,8517.46,1006409.83
Houston,Semi-Detached,2015,2179,4,2.2,1,1,4135.91,425415.43
Chicago,Detached,1959,736,3,2.2,3,0,1412.1,274395.42
Houston,Apartment,1954,4943,1,1.2,3,0,5703.92,1421404.96
Miami,Townhouse,1987,2040,4,2.9,1,1,4776.72,670136.12
New York,Detached,1962,4443,5,3.2,3,0,11740.71,1122914.64
San Francisco,Townhouse,1980,863,3,3.0,2,0,1285.27,297770.67
Chicago,Apartment,1996,2868,5,1.4,2,1,5284.58,844339.0
Miami,Semi-Detached,2001,785,2,2.7,2,1,2101.98,282379.89
Chicago,Detached,2005,648,3,2.7,3,0,1784.75,204001.37
Houston,Detached,1964,4537,4,3.6,1,1,6743.62,1179791.97
Chicago,Townhouse,1978,2266,3,2.1,3,0,4761.19,676268.74
Miami,Apartment,1957,1512,5,2.1,3,0,2094.1,324182.63
San Francisco,Townhouse,1954,3331,1,2.9,1,1,4009.72,825576.05
San Francisco,Apartment,1978,3007,3,2.9,1,0,8486.48,1085881.24
Chicago,Detached,1996,2023,4,2.4,1,0,5342.77,375443.67
New York,Apartment,2017,3285,2,2.3,2,0,8278.43,736465.1
Chicago,Detached,1994,3056,1,2.5,3,1,3354.06,682883.92
Houston,Apartment,1951,4225,2,3.6,1,1,11354.51,1219227.18
San Francisco,Semi-Detached,1976,2101,3,2.4,3,1,3941.66,411407.31
San Francisco,Apartment,1985,2908,5,3.8,2,1,4899.37,883361.21
San Francisco,Semi-Detached,1985,840,5,2.5,2,0,1758.08,209466.76
New York,Apartment,1975,3317,4,3.8,1,1,3923.04,632142.25
New York,Apartment,1992,2996,5,3.5,1,1,7529.83,965227.47
Miami,Townhouse,1976,2225,1,2.1,3,1,4816.84,507690.15
Chicago,Townhouse,2018,2189,5,3.6,1,1,3005.89,836465.77
Chicago,Detached,1969,3767,4,1.3,3,0,5185.14,642291.7
Houston,Townhouse,1960,4906,3,3.8,1,0,6713.85,1229238.66
San Francisco,Apartment,1987,761,3,2.9,3,0,847.76,181669.29
New York,Townhouse,1955,1942,5,1.2,3,1,4225.01,491175.59
Houston,Apartment,2021,905,2,2.9,3,1,2426.03,361728.26
Houston,Semi-Detached,1972,2690,3,3.9,3,0,2784.14,938997.27
New York,Apartment,1996,4937,5,1.2,2,1,5420.87,851665.52
Chicago,Detached,1995,743,4,2.7,3,1,1594.14,259049.82
San Francisco,Semi-Detached,1961,4607,5,3.2,1,0,12157.83,1360353.47
Chicago,Detached,1962,1060,3,3.4,2,0,1752.69,257221.34
Houston,Detached,2011,4637,4,2.2,2,1,7879.32,890520.91
San Francisco,Detached,2009,3225,5,1.6,3,1,7071.43,1133275.83
Miami,Townhouse,1992,1093,1,1.1,2,1,1692.43,398433.27
Houston,Detached,2017,2326,4,2.7,3,0,2449.78,869228.56
Chicago,Semi-Detached,1954,3729,1,2.4,1,0,9212.33,1175154.33
Chicago,Apartment,1986,3787,2,3.8,3,0,8525.67,1117186.47
Chicago,Detached,2021,4573,4,1.2,2,0,9884.59,1050554.89
New York,Semi-Detached,1980,633,1,3.1,1,1,1571.97,153349.03
Houston,Detached,1958,3638,3,1.1,3,0,8550.98,640866.28
San Francisco,Apartment,2000,4419,3,1.5,1,0,6238.59,1316086.3
Chicago,Semi-Detached,1978,572,2,2.4,1,1,975.24,217372.36
Chicago,Semi-Detached,1989,4994,4,2.4,2,1,6253.59,1636361.91
New York,Apartment,1990,4725,4,3.1,1,1,5952.15,1638957.93
San Francisco,Semi-Detached,1960,3478,4,3.7,2,0,8181.62,1199679.0
Houston,Apartment,1972,4861,2,2.9,1,1,13208.31,1746398.46
Miami,Semi-Detached,1950,2485,4,3.9,3,1,7269.78,566349.81
New York,Semi-Detached,1995,1292,3,3.6,1,0,2915.65,446238.69
Houston,Apartment,1970,4759,1,2.8,3,0,6511.28,1301642.16
Miami,Apartment,1985,594,3,3.5,3,1,719.51,179635.92
Chicago,Semi-Detached,2003,1633,3,2.9,1,0,4287.77,615940.28
Chicago,Semi-Detached,2006,737,1,1.2,3,1,1590.09,266300.18
San Francisco,Apartment,1950,3446,3,3.2,1,1,7707.22,662873.0
Miami,Townhouse,2012,3030,2,1.3,1,0,7765.66,499451.96
Chicago,Apartment,2003,2460,1,2.8,3,1,5920.12,742258.74
Chicago,Semi-Detached,2004,1548,3,3.1,3,0,4131.48,470938.84
San Francisco,Semi-Detached,1989,3029,5,1.2,2,0,3369.54,1079667.11
Houston,Semi-Detached,1964,3464,3,1.7,3,0,8642.82,723618.86
Chicago,Apartment,1970,1463,2,3.7,2,1,3952.6,295041.91
New York,Semi-Detached,1996,1036,4,2.8,3,0,1628.87,268709.42
New York,Townhouse,2002,4723,3,1.7,1,0,10772.66,768229.05
Houston,Detached,1958,4179,4,3.1,3,1,6804.77,723549.16
Miami,Townhouse,2001,4687,5,2.8,1,1,13667.02,1635237.71
San Francisco,Apartment,2006,4224,3,2.5,1,1,4506.36,983483.61
New York,Semi-Detached,1975,1042,1,3.9,1,1,2250.29,284212.6
New York,Apartment,1990,1345,4,3.1,2,0,1792.89,268391.98
Houston,Detached,1984,4103,5,2.1,3,0,9947.48,902140.17
Miami,Apartment,2012,3536,1,3.4,1,0,4779.9,1133302.22
Miami,Semi-Detached,1974,2994,1,3.7,1,1,4403.47,858555.99
Houston,Detached,1987,4985,1,1.4,2,1,9913.88,1524069.26
New York,Detached,1951,3219,1,1.6,3,0,9108.71,791966.21
San Francisco,Semi-Detached,1956,2384,3,1.6,3,1,3393.45,551478.89
New York,Semi-Detached,1983,4638,3,3.1,2,1,5975.97,1200254.64
Miami,Semi-Detached,1966,4849,3,2.8,2,0,12209.56,1090264.32
New York,Apartment,1992,3701,5,2.9,3,0,7406.59,1246456.41
San Francisco,Townhouse,2008,3210,5,3.8,2,1,9063.66,754206.53
Chicago,Apartment,2000,2453,5,3.3,3,1,3172.29,769730.04
New York,Apartment,2003,4350,2,1.4,3,1,9969.57,806474.53
Houston,Townhouse,1973,1189,5,2.0,1,0,1742.79,405686.85
Chicago,Semi-Detached,1974,2450,3,2.3,1,0,3218.13,861116.86
Houston,Semi-Detached,2020,956,3,2.2,3,0,2262.72,305161.1
Houston,Townhouse,2001,2630,2,3.0,3,0,5752.78,729983.93
Houston,Townhouse,2019,4476,2,3.7,3,0,11233.22,1577693.07
New York,Apartment,1982,4744,5,1.9,3,1,7680.18,1375173.85
Miami,Detached,1998,1679,4,2.7,3,1,3183.29,402907.04
Chicago,Townhouse,1978,4785,2,3.4,3,1,8665.36,1046368.21
San Francisco,Apartment,2012,4065,1,2.2,2,0,12065.65,1208564.3
Miami,Detached,1971,1382,3,1.5,3,0,2189.78,451074.67
New York,Semi-Detached,1975,899,1,2.4,2,0,1429.08,216218.62
Houston,Semi-Detached,1977,1108,3,1.2,2,1,1893.68,286128.23
San Francisco,Apartment,1998,2138,3,3.8,3,0,4552.2,801075.76
Chicago,Apartment,2020,2648,2,1.2,3,0,3984.3,479594.07
Miami,Townhouse,1998,1882,2,2.3,2,1,5327.15,475708.39
Miami,Semi-Detached,1969,1903,1,2.6,2,0,2914.2,337417.53
San Francisco,Apartment,2012,1319,3,4.0,3,1,3682.16,477450.47
New York,Semi-Detached,2010,3792,1,1.5,3,0,4576.75,659335.08
Chicago,Semi-Detached,1998,1319,4,1.3,2,0,3051.01,424753.14
San Francisco,Townhouse,2020,919,1,1.0,2,1,2586.04,170231.65
Houston,Detached,1950,4719,5,1.5,2,1,6311.66,1408390.58
Chicago,Townhouse,1962,3802,1,1.6,1,1,11165.16,1237545.29
Miami,Apartment,2000,2008,5,2.9,2,1,3826.78,536666.73
San Francisco,Townhouse,2005,1267,5,1.7,1,1,3663.44,389256.85
Miami,Townhouse,2011,2544,5,1.1,3,1,5987.66,648604.44
Miami,Semi-Detached,1981,2639,4,3.5,3,0,4230.78,618947.97
Miami,Townhouse,1979,3529,1,2.1,2,0,4858.04,1120993.31
New York,Apartment,1978,2049,1,2.1,3,1,3293.71,448516.65
Miami,Detached,1998,2264,4,1.9,3,0,2685.18,720248.78
Houston,Townhouse,1994,3145,3,3.9,3,1,4049.93,663747.96
Houston,Townhouse,1979,4216,2,1.5,3,0,5098.5,873576.72
Chicago,Detached,1965,4981,1,3.7,1,1,9194.36,1123232.61
Miami,Apartment,1989,2793,2,3.3,1,0,7237.1,791152.75
Miami,Apartment,1968,3208,4,1.2,2,0,4115.12,821157.36
San Francisco,Townhouse,1967,1400,3,4.0,2,0,1764.9,476640.55
New York,Semi-Detached,1950,3584,3,1.8,2,0,8196.1,733285.04
Chicago,Townhouse,1996,2509,3,1.3,3,0,3498.46,420805.35
Miami,Detached,2015,741,4,3.5,3,1,885.66,295735.82
San Francisco,Detached,1987,2885,5,3.1,1,1,3847.72,983541.67
New York,Detached,2000,4768,5,2.9,1,1,13576.7,847220.28
Chicago,Townhouse,2012,1171,2,1.5,2,0,3094.89,349224.54
Chicago,Townhouse,1953,663,5,2.4,1,1,1132.49,221400.22
Miami,Apartment,1950,964,5,3.3,1,0,2228.42,370763.08
Chicago,Semi-Detached,1957,3542,3,1.9,1,0,7348.06,1194035.27
San Francisco,Townhouse,1978,2942,3,1.9,1,0,6926.2,985330.62
Chicago,Apartment,2004,2855,2,1.0,1,1,6753.05,904033.63
Houston,Townhouse,1952,4778,1,1.5,2,0,10786.18,994306.31
San Francisco,Apartment,1981,3057,2,3.6,2,1,4683.94,1005139.33
New York,Apartment,1959,1045,2,2.3,1,1,1126.52,309347.0
New York,Semi-Detached,1983,4335,4,4.0,2,0,8284.76,763989.99
Miami,Townhouse,2004,1093,4,2.2,3,0,3040.67,319236.83
Miami,Apartment,1981,4304,2,3.1,1,1,9206.23,1503309.53
Houston,Detached,1999,1959,2,1.8,3,1,5220.31,679313.29
